dimension,eigenvalue,explained_inertia
1,0.08133109286135698,0.28569470911927164
2,0.06042433565654249,0.2122547772541159
3,0.05233764454911654,0.18384836117887873
4,0.047406407348037104,0.16652622362735076
5,0.04317885021305426,0.15167592882038294
